model,feature,importance,rank
random_forest,estimated_delivery_days,0.13987009818542753,1
random_forest,order_purchase_month,0.1018996805851323,2
random_forest,seller_customer_distance_km,0.10132717643124604,3
random_forest,approval_gap_hours,0.09170610410799694,4
random_forest,items_total_freight,0.08095166884832994,5
random_forest,payment_total_value,0.0763841056180419,6
random_forest,items_total_weight_g,0.07556936245717351,7
random_forest,items_total_price,0.073979125977011,8
random_forest,payment_value_credit_card,0.06093663791970469,9
random_forest,payment_max_installments,0.03419722674025177,10
random_forest,payment_value_boleto,0.020768278199652976,11
random_forest,customer_state_SP,0.012686934253992328,12
random_forest,customer_state_RJ,0.01141189618032764,13
random_forest,primary_seller_state_SP,0.00823959814810388,14
random_forest,items_num_items,0.008089695918274882,15
random_forest,customer_state_MG,0.007163914667848618,16
random_forest,payment_value_voucher,0.00516428800937675,17
random_forest,primary_seller_state_MG,0.00472753489389702,18
random_forest,customer_state_PR,0.00430831923965026,19
random_forest,primary_seller_state_PR,0.004252398272144745,20
random_forest,primary_seller_state_RJ,0.004094813168676672,21
random_forest,payment_has_credit_card,0.003964540377239531,22
random_forest,customer_state_BA,0.0035402679199634836,23
random_forest,customer_state_RS,0.003509017111866146,24
random_forest,payment_has_boleto,0.003468508323005799,25
random_forest,items_num_categories,0.003328582536040225,26
random_forest,customer_state_SC,0.0031848272199067706,27
random_forest,primary_seller_state_SC,0.002948487952608381,28
random_forest,items_num_products,0.0027698248172630465,29
random_forest,payment_value_debit_card,0.002689339753303383,30
random_forest,customer_state_ES,0.0026544173067087535,31
random_forest,payment_num_rows,0.002543508259014709,32
random_forest,customer_state_DF,0.0025023751252057206,33
random_forest,payment_has_voucher,0.0022670123085311066,34
random_forest,customer_state_GO,0.002169468376816408,35
random_forest,primary_seller_state_MA,0.0020267004867378174,36
random_forest,primary_seller_state_RS,0.0019893758196173356,37
random_forest,items_num_sellers,0.001986189395813803,38
random_forest,customer_state_CE,0.001954734918952804,39
random_forest,customer_state_PE,0.0019158030782090692,40
random_forest,customer_state_MA,0.0017016159694682753,41
random_forest,customer_state_AL,0.0016812257619274005,42
random_forest,items_multi_seller,0.001617633197550874,43
random_forest,payment_has_debit_card,0.0013728876438067238,44
random_forest,customer_state_MT,0.001364260974345862,45
random_forest,payment_num_types,0.0013514445357797878,46
random_forest,customer_state_PA,0.0012826180360785255,47
random_forest,customer_state_MS,0.0011973060643219405,48
random_forest,primary_seller_state_DF,0.0010982891822699046,49
random_forest,customer_state_PI,0.0009221059019035412,50
random_forest,customer_state_PB,0.0008889638921264656,51
random_forest,primary_seller_state_BA,0.000869386228806355,52
random_forest,customer_state_RN,0.0008243461060235255,53
random_forest,customer_state_SE,0.0006679924148915842,54
random_forest,primary_seller_state_GO,0.0005722161151157429,55
random_forest,primary_seller_state_PE,0.0005672564143051679,56
random_forest,customer_state_TO,0.0005471072382117882,57
random_forest,primary_seller_state_ES,0.0005313175785600248,58
random_forest,customer_state_RO,0.0005120004563704704,59
random_forest,customer_state_AM,0.00023080183623023568,60
random_forest,primary_seller_state_MT,0.00021700602776185304,61
random_forest,primary_seller_state_CE,0.00020450817529698236,62
random_forest,customer_state_AC,0.00012274459780977167,63
random_forest,primary_seller_state_MS,0.00011085717315316043,64
random_forest,primary_seller_state_RN,0.00010153814469521447,65
random_forest,customer_state_AP,9.829575254080183e-05,66
random_forest,customer_state_RR,9.759152166754905e-05,67
random_forest,primary_seller_state_PB,4.740941979533921e-05,68
random_forest,primary_seller_state_AM,1.8832790231581626e-05,69
random_forest,primary_seller_state_PI,1.7011956842247484e-05,70
random_forest,primary_seller_state_RO,1.1218505468769481e-05,71
random_forest,primary_seller_state_PA,5.6149459304020465e-06,72
random_forest,primary_seller_state_SE,4.756531646537887e-06,73
random_forest,payment_has_not_defined,0.0,74
random_forest,payment_value_not_defined,0.0,75
random_forest,primary_seller_state_AC,0.0,76
xgboost,customer_state_SP,0.11284105479717255,1
xgboost,payment_has_credit_card,0.06177932769060135,2
xgboost,items_num_sellers,0.05093758925795555,3
xgboost,customer_state_RJ,0.043152470141649246,4
xgboost,customer_state_PR,0.0418878011405468,5
xgboost,order_purchase_month,0.03988141193985939,6
xgboost,customer_state_MG,0.03976299613714218,7
xgboost,estimated_delivery_days,0.024781331419944763,8
xgboost,primary_seller_state_MA,0.020407984033226967,9
xgboost,primary_seller_state_SP,0.019895479083061218,10
xgboost,seller_customer_distance_km,0.01764022372663021,11
xgboost,primary_seller_state_MG,0.016710732132196426,12
xgboost,customer_state_AL,0.016709625720977783,13
xgboost,primary_seller_state_RJ,0.01565481163561344,14
xgboost,customer_state_BA,0.01558723859488964,15
xgboost,customer_state_DF,0.014459475874900818,16
xgboost,primary_seller_state_PE,0.01437122281640768,17
xgboost,customer_state_ES,0.013661160133779049,18
xgboost,customer_state_MT,0.013421451672911644,19
xgboost,customer_state_CE,0.0131204379722476,20
xgboost,primary_seller_state_BA,0.013027248904109001,21
xgboost,items_num_items,0.01286906935274601,22
xgboost,customer_state_RR,0.012483363971114159,23
xgboost,customer_state_PE,0.01239816378802061,24
xgboost,customer_state_MS,0.012280438095331192,25
xgboost,primary_seller_state_RS,0.012188020162284374,26
xgboost,approval_gap_hours,0.011479655280709267,27
xgboost,primary_seller_state_SC,0.011449485085904598,28
xgboost,items_total_freight,0.01136953104287386,29
xgboost,primary_seller_state_DF,0.011079861782491207,30
xgboost,payment_value_credit_card,0.010741636157035828,31
xgboost,customer_state_RS,0.010563455522060394,32
xgboost,customer_state_PA,0.010492288507521152,33
xgboost,payment_total_value,0.010440547950565815,34
xgboost,items_total_weight_g,0.010385215282440186,35
xgboost,items_total_price,0.010057990439236164,36
xgboost,payment_value_voucher,0.009867344051599503,37
xgboost,customer_state_GO,0.009842369705438614,38
xgboost,items_num_categories,0.009784494526684284,39
xgboost,customer_state_SC,0.009759015403687954,40
xgboost,items_num_products,0.009468790143728256,41
xgboost,primary_seller_state_PR,0.009451952762901783,42
xgboost,customer_state_PB,0.009318340569734573,43
xgboost,payment_num_types,0.00902455486357212,44
xgboost,payment_value_boleto,0.008809235878288746,45
xgboost,customer_state_RO,0.008782453835010529,46
xgboost,payment_max_installments,0.008475052192807198,47
xgboost,primary_seller_state_GO,0.008246351964771748,48
xgboost,customer_state_PI,0.008173473179340363,49
xgboost,payment_value_debit_card,0.008163961581885815,50
xgboost,payment_num_rows,0.007769477088004351,51
xgboost,customer_state_TO,0.007607132662087679,52
xgboost,customer_state_RN,0.007565306033939123,53
xgboost,customer_state_MA,0.0071129282005131245,54
xgboost,customer_state_AM,0.006925752852112055,55
xgboost,customer_state_SE,0.006271834019571543,56
xgboost,primary_seller_state_MT,0.006249291356652975,57
xgboost,primary_seller_state_ES,0.005791705101728439,58
xgboost,primary_seller_state_RN,0.004970221314579248,59
xgboost,primary_seller_state_CE,0.00488986587151885,60
xgboost,primary_seller_state_MS,0.0035315509885549545,61
xgboost,customer_state_AP,0.003506960580125451,62
xgboost,primary_seller_state_PB,0.003159542800858617,63
xgboost,primary_seller_state_AM,0.0030030477792024612,64
xgboost,customer_state_AC,0.0027345081325620413,65
xgboost,primary_seller_state_PI,0.0017736126901581883,66
xgboost,payment_has_debit_card,0.0,67
xgboost,items_multi_seller,0.0,68
xgboost,payment_has_voucher,0.0,69
xgboost,payment_has_not_defined,0.0,70
xgboost,payment_has_boleto,0.0,71
xgboost,payment_value_not_defined,0.0,72
xgboost,primary_seller_state_AC,0.0,73
xgboost,primary_seller_state_PA,0.0,74
xgboost,primary_seller_state_RO,0.0,75
xgboost,primary_seller_state_SE,0.0,76
